ID,USGS_GAGE,NHDV1_COMI,NHDV2_COMI,STATION_NA,LATITUDE,LONGITUDE,COMID_CHEC,MANUAL_COM,GAGESII_SI,SCREEN_ACT,FLOW_YRS_P,FLOW_YRS_1,FINAL_REFE,REF_BEGIN_,REF_END_YE,DECISION_N,GAGES_II_S,HYDRO_DIST,STOR_NOR_2,CANALS_PCT,NPDES_MAJ_,FRESHW_WIT,PCT_IRRIG_,DEVNLCD06,CROPSNLCD0,ROADS_KM_S,NEW_CLASS,RECLASS_NOTES
T10295500,10295500,"10,744,456","10,744,456","L WALKER R NR BRIDGEPORT, CA",38.3607482,-119.4448868,ok, ,Ref,yes,49,24,YY,1950,2008,geographic exclusion in xeric. Reconsider as reference,proximal irrigation & possible diversion,9,1.4,8.5,0,32.9,0,0.65,0,0.46,1,on class 1 stream and nearby other class 1
T10308783,10308783,"8,922,761","8,922,761",LEVIATHAN C AB MINE NR MARKLEEVILLE CA,38.7012952,-119.6565614,ok, ,Ref,yes,14,0,YY,1998,2014,geographic exclusion in xeric. Reconsider as reference,"undeveloped, NEoA",6,0,0,0,10.9,0,0.93,0,1.12,1,on class 1 stream
T10281800,10281800,"20,267,023","20,267,023",INDEPENDENCE C BL PINYON C NR INDEPENDENCE CA,36.77854383,-118.2645412,ok,disc. segments,Ref,yes,28,24,Y,1950,1978,see GAGES_II_SCREENING_COMMENTS,possible proximal diversion?,6,0,0,0,26.6,0,2.17,0,0.47,1,on class 1 stream
T10291500,10291500,"8,915,907","8,915,907","BUCKEYE CREEK NEAR BRIDGEPORT, CA",38.23880787,-119.3259923,ok, ,Ref,yes,43,21,Y,1953,2015,see GAGES_II_SCREENING_COMMENTS,wilderness-butproximal cmpgrnd,4,0,0,0,32.7,0,0,0,0.09,1,on class 1 stream and nearby class 1 streams
T10308200,10308200,"8,922,715","8,922,715",E F CARSON R BL MARKLEEVILLE C NR MARKLEEVILLECA,38.7146274,-119.7648985,ok, ,Ref,yes,54,14,Y,1960,2014,see GAGES_II_SCREENING_COMMENTS,"mostly roadless, possible proximal irrigation use",5,12.32,0,0,11.1,0,0.54,0,0.3,1,on class 1 stream
T10310000,10310000,"8,924,041","8,924,041","WEST FORK CARSON RIVER AT WOODFORDS, CA",38.76962765,-119.833789,ok, ,Non-ref,yes,64,24,Y,1950,2014,No evidence of hydro alteration during specified period,"some roads, some regulation?",4,19.66,0,0,10.9,0,1.33,0,0.74,1,on class 1 stream
T10336580,10336580,"8,943,705","8,943,705",UPPER TRUCKEE R AT S UPPER TRUCKEE RD NR MEYERS CA,38.79629598,-120.0190718,ok, ,Ref,yes,21,0,Y,1990,2011,see GAGES_II_SCREENING_COMMENTS,"undeveloped, NEoA",3,0,0,0,14.3,0,0,0,0.04,1,on class 1 stream
T10336600,10336600,"8,943,685","8,943,685",UP TRUCKEE R NR MEYERS CA,38.84296293,-120.0246274,ok, ,Ref,yes,26,14,Y,1960,1986,see GAGES_II_SCREENING_COMMENTS,"lt proximal development, NEoA",5,0,0,0,15.2,0,2.36,0,0.6,1,on class 1 stream
T10336770,10336770,"8,944,527","8,944,527",TROUT CK AT USFS RD 12N01 NR MEYERS CA,38.8632405,-119.9582367,ok, ,Ref,yes,20,0,Y,1990,2011,see GAGES_II_SCREENING_COMMENTS,"undeveloped, NEoA",4,0,0,0,16.3,0,0,0,0.16,1,on class 1 stream
T10336780,10336780,"8,944,453","8,944,453",TROUT CREEK NR TAHOE VALLEY CALIF,38.9199077,-119.9724036,ok, ,Non-ref,yes,54,14,Y,1960,2014,No evidence of hydro alteration during specified period,prox. Urban,5,0,0,0,16.3,0,3.09,0,0.93,1,on class 1 stream
T11208000,11208000,"14,918,011","14,918,005",MARBLE F KAWEAH R (R ONLY) A POTWISHA CAMP CA,36.5218899,-118.7992652,suspect,"wrong snap, should be COMID=14918005",Non-ref,yes,61,24,Y,1950,1960,No evidence of hydro alteration during specified period,"HBN , prox diversion",8,0,0,0,265.6,0,1.52,0,0.4,1,
T11213500,11213500,"22,050,535","22,050,535",KINGS R AB NF NR TRIMMER CA,36.8632806,-119.124282,ok, ,Ref,yes,32,24,Y,1950,1982,see GAGES_II_SCREENING_COMMENTS,mostly widlerness--Kings Cnyn NP,9,0.69,0,0,318,0,0.26,0,0.16,1,
T11214000,11214000,"22,048,943","22,048,943",NF KINGS R BL MEADOWBROOK CA,37.08133045,-118.862888,ok, ,Ref,yes,25,18,Y,1956,1981,see GAGES_II_SCREENING_COMMENTS,wilderness,8,0,0,0,331.3,0,0,0,0,1,
T11218500,11218500,"22,050,527","22,050,527",KINGS R BL NF NR TRIMMER CA,36.87466959,-119.1417829,ok, ,Non-ref,yes,31,12,Y,1962,1993,No evidence of hydro alteration during specified period,upstrm reservoirs,16,44.72,0.29,0,322,0,0.2,0,0.22,1,
T11226500,11226500,"17,113,015","17,113,015",SAN JOAQUIN R A MILLER CROSSING CA,37.51049707,-119.1973476,ok, ,Ref,yes,40,23,Y,1951,1991,see GAGES_II_SCREENING_COMMENTS,wilderness,7,0,0,0,272.8,0,0.12,0,0.04,1,
T11230500,11230500,"17,118,323","17,118,323",BEAR C NR LAKE THOMAS A EDISON CA,37.3393863,-118.9734513,ok, ,Ref,yes,64,24,Y,1950,2014,see GAGES_II_SCREENING_COMMENTS,Wilderness--John Muir,8,0,0,0,328.9,0,0,0,0,1,
T11237500,11237500,"17,116,209","17,116,209",PITMAN C BL TAMARACK C CA,37.19855659,-119.2137328,ok, ,Ref,yes,63,24,Y,1950,2013,see GAGES_II_SCREENING_COMMENTS,mostly roadless,10,0,0.23,0,331.3,0,0.5,0,0.17,1,
T11264500,11264500,"21,609,533","21,609,533",MERCED R A HAPPY ISLES BRIDGE NR YOSEMITE CA,37.73159272,-119.5587736,ok, ,Ref,yes,64,24,Y,1950,2014,see GAGES_II_SCREENING_COMMENTS,"HBN, mostly wilderness, small local diversion",6,0,0,0,99.1,0,0,0,0.01,1,
T11266500,11266500,"21,609,641","21,609,641",MERCED R A POHONO BRIDGE NR YOSEMITE CA,37.71687138,-119.6662788,ok, ,Ref,yes,63,24,Y,1950,2014,see GAGES_II_SCREENING_COMMENTS,mostly wilderness--YOSE,6,0,0,0,56.4,0,0.49,0,0.15,1,
T11274790,11274790,"17,081,597","17,081,597",TUOLUMNE R A GRAND CYN OF TUOLUMNE AB HETCH HETCHY,37.916588,-119.659894,ok, ,Ref,yes,7,0,Y,2006,2014,see GAGES_II_SCREENING_COMMENTS,"undeveloped, NEoA",3,0,0,0,8.3,0,0.15,0,0.04,1,
T11275000,11275000,"17,082,117","17,082,117",FALLS C NR HETCH HETCHY CA,37.97075376,-119.764343,ok, ,Ref,yes,32,23,Y,1950,1983,see GAGES_II_SCREENING_COMMENTS,Yosemite Wilderness,3,0,0,0,7.9,0,0,0,0,1,
T11292500,11292500,"347,487","347,487",CLARK FORK STANISLAUS R NR DARDANELLE CA,38.36380105,-119.8712915,ok, ,Ref,yes,44,24,Y,1950,1994,see GAGES_II_SCREENING_COMMENTS,some roads and campgrnds,4,0,0,0,9.9,0,0,0,0.14,1,
T11294000,11294000,"342,587","342,587",HIGHLAND C BL SPICER MEADOWS RES CA,38.3929682,-119.9990737,ok, ,Non-ref,yes,62,22,Y,1952,1980,No evidence of hydro alteration during specified period,Proximal reservoir-Spicer Meadows,18,1958.16,0,0,10.5,0,0,0,0.21,1,
T11418000,11418000,"8,062,589","8,062,589",YUBA R BL ENGLEBRIGHT DAM NR SMARTVILLE CA,39.23517079,-121.2741256,ok, ,Non-ref,yes,62,24,Y,1950,1969,No evidence of hydro alteration during specified period,proximal reservoir--Englebright dam,22,581.42,3.83,0,64.6,0,1.15,0,1.49,2,On class 2 stream
T11251000,11251000,,19791955,San Joaquin R below Friant,,,,,,,,,,1907,1940,dams/diversions began in 1941,,,,,,,,,,,2,
T11270900,11270900,,2824504,MERCED R BL MERCED FALLS DAM NR SNELL CA,,,,,,,,,,1900,1925,dams/diversions began in 1926,,,,,,,,,,,2,
T11299000,11299000,,348435,New Melones Dam,,,,,,,,,,1996,2008,gage is on a reservoir. ,,,,,,,,,,,2,
T11446220,11446220,,15022453,American R near Folsom,,,,,,,,,,1996,2008,no USGS streamflow data,,,,,,,,,,,2,
T11419000,11419000,,8061185,YUBA R BL ENGLEBRIGHT DAM NR SMARTVILLE CA,,,,,,,,,,1903,1939,Engelbright dam completed in 1941. Upstrm reservoirs later,,,,,,,,,,,2,
T11406999,11406999,,7968461,"Oroville Dam, Feather River (DWR)",,,,,,,,,,1987,2013,major dams/diversions began 1910,,,,,,,,,,,2,
T10264600,10264600,"22,673,706","22,673,708",OAK C NR MOJAVE CA,35.04996928,-118.3578592,suspect,on trib. coords. wrong. should be COMID=22673708,Ref,yes,29,17,YY,1957,1986,geographic exclusion in xeric. Reconsider as reference,"roads, proximal diversion?",9,0,0,0,184.3,0,0.45,0.04,1.15,3,
T11196400,11196400,"14,945,000","14,945,000",CALIENTE C AB TEHACHAPI C NR CALIENTE CA,35.31134824,-118.5703669,ok, ,Ref,yes,21,13,YY,1961,1983,geographic exclusion in xeric. Reconsider as reference,"upstrm lt development, NEoA",9,0,0,0,184.3,0,0.41,0,0.89,3,
T11204100,11204100,"14,930,789","14,930,789",SF TULE R NR RESERVATION BNDRY NR PORTERVILLE CA,36.02411648,-118.8134258,ok, ,Ref,yes,13,0,YY,2000,2014,geographic exclusion in xeric. Reconsider as reference,"prox develop, undev hw",8,0,0,0,265.6,0,0.13,0,0.65,3,
T10255810,10255810,"22,595,619","22,595,619",BORREGO PALM C NR BORREGO SPRINGS CA,33.27892637,-116.4300139,ok, ,Ref,yes,52,24,Y,1950,2004,see GAGES_II_SCREENING_COMMENTS,"mostly roadless, NEoA",6,0,0,0,94.7,0,0.5,0,0.2,3,
T10257500,10257500,"22,591,931","22,591,931",FALLS C NR WHITEWATER CA,33.86946114,-116.6716824,ok, ,Non-ref,yes,20,0,Y,1994,2015,No evidence of hydro alteration during specified period,"undeveloped, NEoA",6,0,0,0,123.3,0,0.06,0,0,3,
T10257600,10257600,"22,590,267","22,590,267",MISSION C NR DESERT HOT SPRINGS CA,34.01112284,-116.6280689,ok, ,Ref,yes,46,7,Y,1967,2015,see GAGES_II_SCREENING_COMMENTS,"roadless, no sign of regulation",5,0,0,0,26.8,0,0.22,0,0.22,3,
T10258000,10258000,"22,593,497","22,593,497",TAHQUITZ C NR PALM SPRINGS CA,33.80501929,-116.5591816,ok, ,Ref,yes,63,24,Y,1950,2015,see GAGES_II_SCREENING_COMMENTS,"roadless, wilderness",6,0,0,0,123.3,0,0.02,0,0,3,
T10258500,10258500,"22,593,537","22,593,537",PALM CYN C NR PALM SPRINGS CA,33.74502178,-116.5355709,ok, ,Ref,yes,64,24,Y,1950,2015,see GAGES_II_SCREENING_COMMENTS,"mostly roadless, NEoA",7,0,0,0,123.3,0,1.65,0,0.51,3,
T10259000,10259000,"22,592,131","22,592,131",ANDREAS C NR PALM SPRINGS CA,33.7600211,-116.5500155,ok, ,Ref,yes,64,24,Y,1950,2015,see GAGES_II_SCREENING_COMMENTS,"San Jacinto Wilderness, Ind. Res.",6,0,0,0,123.3,0,0,0.05,0,3,
T10259200,10259200,"22,592,497","22,592,497",DEEP C NR PALM DESERT CA,33.63113647,-116.3922342,ok,disc. segments,Ref,yes,52,12,Y,1962,2015,see GAGES_II_SCREENING_COMMENTS,"mostly roadless, NEoA",7,0,0,0,123.3,0,1.04,0,0.57,3,
T10263500,10263500,"22,684,930","22,684,930",BIG ROCK C NR VALYERMO CA,34.42083115,-117.8395072,ok, ,Ref,yes,64,24,Y,1950,2014,see GAGES_II_SCREENING_COMMENTS,"mostly roadless, NEoA",9,0,0,0,199.5,0,2.98,0,0.67,3,
T10264000,10264000,"22,681,934","22,681,934",LITTLE ROCK C AB LTTLE ROCK RES NR LITTLEROCK CA,34.46388375,-118.0189578,ok, ,Ref,yes,31,24,Y,1950,2005,see GAGES_II_SCREENING_COMMENTS,"mostly roadless, NEoA",8,0,0,0,199.5,0,1.37,0,0.34,3,
T10336645,10336645,"8,941,733","8,941,733",GENERAL C NR MEEKS BAY CA,39.05185197,-120.1185209,ok, ,Ref,yes,33,0,Y,1980,2014,see GAGES_II_SCREENING_COMMENTS,roadless,5,0,0,0,17.1,0,0.51,0,0.59,3,on class 3 stream
T10336660,10336660,"8,941,693","8,941,693",BLACKWOOD C NR TAHOE CITY CA,39.10740708,-120.1621352,ok, ,Ref,yes,53,14,Y,1960,2014,see GAGES_II_SCREENING_COMMENTS,"mostly roadless, NEoA",6,0,0,0,67.1,0,0.85,0,0.73,3,on class 3 stream
T10336676,10336676,"8,941,685","8,941,685",WARD C AT HWY 89 NR TAHOE PINES CA,39.1321292,-120.1576913,ok, ,Ref,yes,41,2,Y,1972,2014,see GAGES_II_SCREENING_COMMENTS,"lt proximal development, NEoA",6,0,0,0,67.1,0,1.72,0,0.63,3,on class 3 stream
T10340500,10340500,"8,933,736","8,933,736",PROSSER C BL PROSSER C DAM NR TRUCKEE CA,39.37324026,-120.131587,ok, ,Non-ref,yes,63,23,Y,1950,1961,No evidence of hydro alteration during specified period,proximal reservoir,20,266.59,0,0,26.5,0,5.47,0,2.04,3,on class 3 stream
T10343500,10343500,"8,933,522","8,933,522",SAGEHEN CR NR TRUCKEE CA,39.43157246,-120.2379793,ok, ,Ref,yes,60,21,Y,1953,2014,see GAGES_II_SCREENING_COMMENTS,"HBN, some unpaved roads",6,0,0,0,26.2,0,0,0,1.16,3,on class 3 stream
T11031500,11031500,"20,344,355","20,344,355",AGUA CALIENTE C NR WARNER SPRINGS CA,33.28864832,-116.6539084,ok, ,Ref,yes,26,13,Y,1961,1987,see GAGES_II_SCREENING_COMMENTS,"some roads, possible diversions upstream",7,0,0,0,94.7,0,1.33,0,0.51,3,
T11033000,11033000,"20,343,211","20,343,211",WF SAN LUIS REY R NR WARNER SPRINGS CA,33.29670362,-116.759744,ok, ,Ref,yes,29,17,Y,1956,1986,see GAGES_II_SCREENING_COMMENTS,"some roads, small ponds on 1 trib",6,0,0,0,94.7,0,1.56,0.12,0.55,3,
T11037700,11037700,"20,343,093","20,343,093",PAUMA C NR PAUMA VALLEY CA,33.33614497,-116.9744716,ok, , ,yes,17,10,Y,1964,1975,No evidence of hydro alteration, ,0, , , ,0, ,0,0,0,3,
T11063000,11063000,"22,554,630","22,554,630",CAJON C NR KEENBROOK CA,34.26695013,-117.4600497,ok, ,Non-ref,yes,26,21,Y,1950,1982,No evidence of hydro alteration during specified period,adjacent interstate,8,0,0,0,17,0,9.35,0,1.91,3,on class 3 stream
T11073470,11073470,"22,555,310","22,555,310",CUCAMONGA C NR UPLAND CA,34.1794521,-117.628943,ok, ,Ref,yes,25,24,Y,1950,1975,see GAGES_II_SCREENING_COMMENTS,"mostly roadless, NEoA",4,0,0,0,17,0,0.81,0,0.32,3,
T11080500,11080500,"22,522,855","22,522,855",EF SAN GABRIEL R NR CAMP BONITA CA,34.23583798,-117.8058928,ok, ,Ref,yes,29,24,Y,1950,1979,see GAGES_II_SCREENING_COMMENTS,possible upstream diversion,8,0,0,0,196.3,0,1.16,0,0.29,3,
T11082000,11082000,"22,524,649","22,524,649",WF SAN GABRIEL R A CAMP RINCON CA,34.24111517,-117.8633948,ok, ,Non-ref,yes,28,24,Y,1950,1978,No evidence of hydro alteration during specified period,upstrm reservoir,12,41.59,0,0,199.5,0,1.79,0,0.41,3,
T11094000,11094000,"22,514,414","22,514,414",TUJUNGA C BL MILL C NR COLBY RANCH CA,34.30916717,-118.1453499,ok, ,Ref,yes,21,21,Y,1950,1971,see GAGES_II_SCREENING_COMMENTS,"some roads, NEoA",9,0,0,0,199.5,0,2.53,0,0.71,3,on class 3 stream
T11095500,11095500,"22,514,458","22,514,458",BIG TUJUNGA C NR SUNLAND CA,34.30055637,-118.2686878,ok, ,Non-ref,yes,27,24,Y,1950,1977,No evidence of hydro alteration during specified period,upstrm reservoir,13,25.87,0,0,199.5,0,3.08,0,0.72,3,
T11111500,11111500,"17,567,911","17,567,911",SESPE CREEK NEAR WHEELER SPRINGS CA,34.5777657,-119.2578902,ok, ,Ref,yes,58,24,Y,1950,2014,see GAGES_II_SCREENING_COMMENTS,mostly roadless HW,7,0,0,0,95.5,0,2.23,0,0.5,3,
T11113000,11113000,"17,574,345","17,574,345",SESPE C NR FILLMORE,34.4416618,-118.9273212,ok, ,Non-ref,yes,57,24,Y,1950,1980,No evidence of hydro alteration during specified period,proximal diversion,7,0,0,0,96.9,0.01,1.09,0,0.32,3,
T11154700,11154700,"17,673,639","17,673,639",CLEAR C NR IDRIA CA,36.36468256,-120.7562868,ok, ,Ref,yes,18,0,Y,1993,2015,see GAGES_II_SCREENING_COMMENTS,"lt develop, NEoA",7,0,0,0,35.5,0,4.57,0,1.21,3,
T11195500,11195500,"17,175,320","17,175,320",SAN EMIGDIO C A SAN EMIGDIO RANCHHOUSE CA,34.98163745,-119.1851097,ok, ,Ref,yes,22,15,Y,1959,1981,see GAGES_II_SCREENING_COMMENTS,"mostly roadless basin, mtn development in 1 trib",10,0,0,0,183.9,0,3.19,0,0.93,3,
T11203580,11203580,"14,930,711","14,930,711",SF TULE R NR CHOLOLLO CAMPGROUND NR PORTERVILLE CA,36.04828125,-118.6542556,ok, ,Ref,yes,12,0,Y,2000,2014,see GAGES_II_SCREENING_COMMENTS,"undeveloped, NEoA",9,0,0,0,265.6,0,0,0,0.89,3,
T11208500,11208500,"14,922,121","14,922,121",MF KAWEAH TRIB NR HAMMOND CA,36.49300156,-118.825932,ok, , ,yes,6,6,Y,1967,1973,No evidence of hydro alteration, ,0, , , ,0, ,0,0,0,3,"likely c-3, right next to and near c-3 streams "
T11209900,11209900,"14,922,321","14,922,321",KAWEAH R A THREE RIVERS CA,36.44383632,-118.9034335,ok, ,Non-ref,yes,32,16,Y,1958,1990,No evidence of hydro alteration during specified period,"proximal irrigation, upstrm diversions",8,1.07,0,0,265.6,0,0.65,0,0.38,3,
T11220000,11220000,"22,050,457","22,050,457",BIG C AB PINE FLAT RES NR TRIMMER CA,36.91633697,-119.2445652,ok, ,Ref,yes,20,20,Y,1953,1973,see GAGES_II_SCREENING_COMMENTS,some roads,10,0,0,0,331.3,0,0.03,0.02,0.9,3,on class 3 stream
T11268000,11268000,"21,610,027","21,610,027",SF MERCED R NR EL PORTAL CA,37.65131973,-119.8854532,ok, ,Non-ref,yes,24,23,Y,1951,1975,No evidence of hydro alteration during specified period,"upstrm diversion, mostly roadless",6,0,0,0,90.1,0,0.41,0,0.5,3,
T11281000,11281000,"17,078,519","17,078,519",SF TUOLUMNE R NR OAKLAND RECREATION CAMP CA,37.82159266,-120.0129616,ok, ,Ref,yes,51,24,Y,1950,2002,see GAGES_II_SCREENING_COMMENTS,smll upstrm impoundment,4,0,0,0,7.5,0,1.21,0,0.83,3,
T11282000,11282000,"17,078,467","17,078,467",M TUOLUMNE R A OAKLAND RECREATION CAMP CA,37.82825915,-120.0115727,ok, ,Ref,yes,51,24,Y,1950,2002,see GAGES_II_SCREENING_COMMENTS,forest roads & campgrnds,7,0,2.51,0,7.7,0,0.38,0,0.54,3,
T11283500,11283500,"17,078,183","17,078,183",CLAVEY R NR BUCK MEADOWS CA,37.90048017,-120.0718517,ok, ,Ref,yes,32,15,Y,1959,1995,see GAGES_II_SCREENING_COMMENTS,"mostly roadless, NEoA",6,0,0,0,7.7,0,0,0,1.29,3,
T11294500,11294500,"344,905","344,905",NF STANISLAUS R NR AVERY CA,38.2438067,-120.2910282,ok, ,Non-ref,yes,64,24,Y,1950,1988,No evidence of hydro alteration during specified period,upstrm reservoirs,17,573.84,0,0,9.4,0,1.43,0,0.95,3,
T11315000,11315000,"17,053,540","17,053,540",COLE C NR SALT SPRINGS DAM CA,38.5190783,-120.2126928,ok, ,Ref,yes,64,24,Y,1950,2014,see GAGES_II_SCREENING_COMMENTS,mostly roadless & wilderness,5,0,0,0,28.4,0,0,0,0.52,3,
T11316800,11316800,"17,056,582","17,056,582",FOREST C NR WILSEYVILLE CA,38.40324566,-120.4468676,ok, ,Non-ref,yes,53,14,Y,1960,2015,No evidence of hydro alteration during specified period,many forest roads,7,0,0,0,8.9,0,0.33,0,1.83,3,
T11318500,11318500,"17,056,948","17,056,948",SF MOKELUMNE R NR WEST POINT CA,38.36824625,-120.5454823,ok, ,Non-ref,yes,63,24,Y,1950,2015,No evidence of hydro alteration during specified period,possible diversions,14,11.43,0,0,8.9,0,0.55,0,1.95,3,
T11341400,11341400,"7,964,867","7,964,867",SACRAMENTO R NR MT SHASTA CA,41.26654165,-122.3116771,ok, ,Non-ref,yes,28,15,Y,1959,1987,No evidence of hydro alteration during specified period,proximal resevoir--Box Canyon Dam,18,93.23,0,0,46.9,0.62,5.27,0.29,1.69,3,
T11376500,11376500,"2,496,048","2,496,048",BATTLE C NR COTTONWOOD CA,40.39709897,-122.1358311,ok, , ,yes,11,11,Y,1950,1959,No evidence of hydro alteration, ,0, , , ,0, ,0,0,0,3,
T11394500,11394500,"8,037,183","8,037,183",MF FEATHER R NR MERRIMAC CA,39.70821994,-121.2705175,ok, ,Non-ref,yes,35,23,Y,1951,1986,No evidence of hydro alteration during specified period,"mixed land use, NEoA",14,62.96,2.44,0,19.8,0,1.41,0.23,1.24,3,
T11400000,11400000,"2,773,562","2,773,562",BUTT C AB ALMANOR-BUTT C TU NR PRATTVILLE CA,40.18960782,-121.1907966,ok, , ,yes,14,14,Y,1950,1964,No evidence of hydro alteration, ,0, , , ,0, ,0,0,0,3,
T11408850,11408850,"8,063,571","8,063,571",M YUBA R NR CAMPTONVILLE CA,39.41683845,-120.9527274,ok, ,Non-ref,yes,22,7,Y,1967,1980,No evidence of hydro alteration during specified period,upstrm reservoir,18,187.57,2.19,0,25.5,0,0.72,0,1.14,3,
T11409300,11409300,"8,060,547","8,060,547",OREGON C A CAMPTONVILLE CA,39.44600312,-121.0463431,ok, ,Ref,yes,33,7,Y,1967,2000,see GAGES_II_SCREENING_COMMENTS,"lt development, forestry, NEoA",8,0,0,0,37.1,0,1.93,0,2.09,3,
T11409500,11409500,"8,060,667","8,060,667",OREGON C NR NORTH SAN JUAN CA,39.40266982,-121.0774543,ok, ,Ref,yes,19,19,Y,1950,1969,see GAGES_II_SCREENING_COMMENTS,mostly undeveloped basin--NEoA,16,1.24,0,0,90,0,2.36,0,2.06,3,
T11413100,11413100,"8,056,781","8,056,781",N YUBA R AB SLATE C NR STRAWBERRY CA,39.52461288,-121.0916235,ok, , ,yes,19,6,Y,1968,1986,No evidence of hydro alteration, ,0, , , ,0, ,0,0,0,3,
T11413320,11413320,"8,056,721","8,056,721",DEADWOOD C NR STRAWBERRY VALLEY CA,39.54989055,-121.0944014,ok, ,Ref,yes,18,0,Y,1994,2014,see GAGES_II_SCREENING_COMMENTS,"undeveloped, logging, NEoA",13,0,0,0,308.4,0,2.29,0,2.75,3,
T11414000,11414000,"8,064,109","8,064,109",S YUBA R NR CISCO CA,39.32129093,-120.5643753,ok, ,Non-ref,yes,44,24,Y,1950,1980,No evidence of hydro alteration during specified period,proximal interstate & impoundments,8,37.24,0,0,40.4,0,2.82,0,1.51,3,
T11426150,11426150,"14,991,725","14,991,725",ONION C NR SODA SPRINGS CA,39.26712708,-120.3649233,ok, ,Ref,yes,20,15,Y,1959,1979,see GAGES_II_SCREENING_COMMENTS,"mostly undeveloped, NEoA",7,0,0,0,67.1,0,2.17,0,0.46,3,
T11427700,11427700,"14,992,381","14,992,381",DUNCAN CYN C NR FRENCH MEADOWS CA,39.1357376,-120.4785353,ok, ,Ref,yes,53,14,Y,1960,2014,see GAGES_II_SCREENING_COMMENTS,roadless,8,0.97,0,0,67.1,0,1.48,0,0.49,3,
T11433260,11433260,"14,993,059","14,993,059",NF OF MF AMERICAN R NR FORESTHILL CA,39.02406712,-120.7185401,ok, ,Ref,yes,20,9,Y,1965,1985,see GAGES_II_SCREENING_COMMENTS,some forest roads & logging,12,0,3.26,0,67.1,0,0.63,0,1.82,3,
T11433300,11433300,"14,993,649","14,993,649",MF AMERICAN R NR FORESTHILL CA,39.0060108,-120.7607633,ok, ,Non-ref,yes,55,16,Y,1958,1966,No evidence of hydro alteration during specified period,proximal dam/diversion,21,381.64,5.21,0,52,0,0.32,0,1.14,3,
T11433500,11433500,"14,994,421","14,994,421",MF AMERICAN R NR AUBURN CA,38.91795401,-121.0152215,ok, ,Non-ref,yes,34,23,Y,1950,1964,No evidence of hydro alteration during specified period,upstrm diversions & reservoirs,22,324.02,5.64,0,49.5,0,0.67,0,1.29,3,
T11445500,11445500,"14,982,092","14,982,092",SF AMERICAN R NR LOTUS CA,38.81851188,-120.946885,ok, ,Non-ref,yes,44,23,Y,1951,1959,No evidence of hydro alteration during specified period,upstrm reservoir,22,214.08,5.3,0,16.6,0,1.97,0,1.58,3,
T11472900,11472900,"8,294,911","8,294,911",BLACK BUTTE R NR COVELO CA,39.82071008,-123.0816755,ok, ,Ref,yes,21,16,Y,1958,2005,see GAGES_II_SCREENING_COMMENTS,mostly roadless,10,0.06,0,0,111.6,0,3.63,0,1.11,3,
T11480390,11480390,"8,320,019","8,320,019",MAD R AB RUTH RES NR FOREST GLEN CA,40.28431329,-123.3353034,ok, ,Ref,yes,33,0,Y,1980,2014,see GAGES_II_SCREENING_COMMENTS,many forest roads,6,0,0,0,7.5,0,2.71,0,1.03,3,on class 3 stream
T11522500,11522500,"8,261,865","8,261,865",SALMON R A SOMES BAR CA,41.3765154,-123.4770026,ok, ,Ref,yes,64,24,Y,1950,2014,see GAGES_II_SCREENING_COMMENTS,some roads & logging,6,0,0,0,47,0,1.34,0,0.5,3,
T11523200,11523200,"8,242,324","8,242,324",TRINITY R AB COFFEE C NR TRINITY CTR CA,41.1112571,-122.7055788,ok, ,Ref,yes,57,17,Y,1957,2014,see GAGES_II_SCREENING_COMMENTS,many forest roads & logging,4,0,0,0,8.1,0,0.68,0,0.75,3,
T11525500,11525500,"8,246,426","8,246,426",TRINITY R A LEWISTON CA,40.71931244,-122.8036339,ok, ,Non-ref,yes,64,24,Y,1950,1960,No evidence of hydro alteration during specified period,proximal reservoir--Lewiston Lake,17,1630.79,0.04,0,8,0,2.06,0,0.89,3,
T11526500,11526500,"8,244,332","8,244,332",NF TRINITY R A HELENA CA,40.7818089,-123.1283653,ok, ,Ref,yes,23,17,Y,1957,2014,see GAGES_II_SCREENING_COMMENTS,"roadless, NEoA",4,0,0,0,7.7,0,0.54,0,0.17,3,
T11527400,11527400,"8,243,406","8,243,406",NEW R A DENNY CA,40.94569163,-123.3830998,ok, , ,yes,10,10,Y,1959,1969,No evidence of hydro alteration, ,0, , , ,0, ,0,0,0,3,Most likely 3 due to being on class 3 stream
T11154100,11154100,"17,661,675","17,661,675",BODFISH C NR GILROY CA,37.0041163,-121.6671686,ok, ,Ref,yes,23,15,Y,1959,1982,see GAGES_II_SCREENING_COMMENTS,"some roads, NEoA",11,0,0,0,135.2,0,5.99,0.13,1.65,4,
T11390672,11390672,"2,847,739","2,847,739",STONE CORRAL C NR SITES CA,39.2882206,-122.3010909,ok, ,Ref,yes,26,15,Y,1958,1985,see GAGES_II_SCREENING_COMMENTS,"mostly roadless, NEoA",9,0,0,0,421.5,0,0.75,0,0.5,4,
T11396400,11396400,"8,037,541","8,037,541",SUCKER RUN NR FORBESTOWN CA,39.55322067,-121.3021851,ok, ,Non-ref,yes,22,9,Y,1965,1987,No evidence of hydro alteration during specified period,upstrm diversions,10,0,0,0,342.8,0,0,0,1.24,4,
T11413323,11413323,"8,056,723","8,056,723",OWL GULCH NR STRAWBERRY VALLEY CA,39.5454461,-121.0952348,ok, ,Ref,yes,18,0,Y,1994,2014,see GAGES_II_SCREENING_COMMENTS,"undeveloped, logging, NEoA",13,0,0,0,308.4,0,1.84,0,2.77,4,
T11457000,11457000,"1,669,117","1,669,101",DRY C NR NAPA CA,38.35630164,-122.364977,ok,used upstream comid--closer to gage, ,yes,15,15,Y,1951,1966,No evidence of hydro alteration, ,0, , , ,0, ,0,0,0,4,
T11458300,11458300,"1,670,171","1,670,171",NAPA C A NAPA,38.3018588,-122.3038634,ok, , ,yes,13,4,Y,1970,1979,No evidence of hydro alteration, ,0, , , ,0, ,0,0,0,4,
T11467200,11467200,"8,271,049","8,271,049",AUSTIN C NR CAZADERO CA,38.5065797,-123.0697239,ok, ,Ref,yes,17,7,Y,1959,2014,see GAGES_II_SCREENING_COMMENTS,"undeveloped, NEoA",9,0,0,0,48.1,0,2.26,0,1.36,4,
T11467500,11467500,"8,280,895","8,280,895",SF GUALALA R NR ANNAPOLIS CA,38.70491205,-123.4230642,ok, ,Ref,yes,21,21,Y,1950,1994,see GAGES_II_SCREENING_COMMENTS,"mostly undeveloped, NEoA",13,2.44,0,0,48.1,0,1.76,0,1.21,4,
T11467600,11467600,"2,666,153","2,666,153",GARCIA R NR POINT ARENA CA,38.92629636,-123.6302925,ok, ,Ref,yes,21,12,Y,1962,1983,see GAGES_II_SCREENING_COMMENTS,"many forest roads, NEoA",7,0,0,0,7.8,0,3.83,0,1.27,4,
T11468000,11468000,"2,665,613","2,665,613",NAVARRO R NR NAVARRO CA,39.17045608,-123.668069,ok, ,Ref,yes,63,24,Y,1950,2013,see GAGES_II_SCREENING_COMMENTS,"some irrigated ag upstrm, NEoA",7,0.05,0,0,7.8,0.91,4.48,0.86,1.4,4,
T11468500,11468500,"2,665,525","2,665,525",NOYO R NR FORT BRAGG CA,39.42822378,-123.7377917,ok, ,Ref,yes,62,23,Y,1951,2014,see GAGES_II_SCREENING_COMMENTS,some roads,8,0.86,0,0,7.8,0,5.57,0,1.3,4,
T11468600,11468600,"2,662,235","2,662,235",MF TENMILE R NR FORT BRAGG CA,39.57266134,-123.7002935,ok, , ,yes,9,9,Y,1964,1973,No evidence of hydro alteration, ,0, , , ,0, ,0,0,0,4,
T11468900,11468900,"2,546,355","2,546,355",MATTOLE R NR ETTERSBURG CA,40.139309,-123.991423,ok, ,Ref,yes,12,0,Y,2001,2014,see GAGES_II_SCREENING_COMMENTS,"lt development, NEoA",6,0,0,0,14.4,0,3.3,0,1.15,4,
T11472160,11472160,"8,306,880","8,306,880",WILLITS C AB LK EMILY NR WILLITS CA,39.449329,-123.3980667,ok, ,Ref,yes,9,0,Y,2003,2012,see GAGES_II_SCREENING_COMMENTS,"lt development, NEoA",7,0,0,0,7.8,0,4.81,0,1.55,4,On class 4 stream
T11473900,11473900,"8,295,207","8,295,207",MF EEL R NR DOS RIOS CA,39.70626687,-123.3252913,ok, ,Ref,yes,48,9,Y,1965,2014,see GAGES_II_SCREENING_COMMENTS,"NEoA, some forest roads & logging",9,0.93,0,0,30,0,2.87,0,0.88,4,
T11474500,11474500,"2,709,327","2,709,327",NF EEL R NR MINA CA,39.9373742,-123.3469626,ok, ,Ref,yes,27,21,Y,1953,2005,see GAGES_II_SCREENING_COMMENTS,"mostly roadless, NEoA",5,0,0,0,7.5,0,2.15,0,0.78,4,
T11475500,11475500,"8,287,608","8,287,608",SF EEL R NR BRANSCOMB CA,39.71904456,-123.6527961,ok, ,Ref,yes,20,20,Y,1950,1970,see GAGES_II_SCREENING_COMMENTS,"some roads & lt development, NEoA",8,0,0,0,7.8,0,5.08,0,1.83,4,
T11475560,11475560,"8,287,590","8,287,590",ELDER C NR BRANSCOMB CA,39.7295997,-123.6439073,ok, ,Ref,yes,46,7,Y,1967,2014,see GAGES_II_SCREENING_COMMENTS,"HBN, undisturbed",4,0,0,0,7.8,0,0.24,0,0.39,4,
T11475800,11475800,"8,287,256","8,287,256",SF EEL R A LEGGETT CA,39.8745957,-123.7205775,ok, ,Ref,yes,40,9,Y,1965,2014,see GAGES_II_SCREENING_COMMENTS,"small town in hw of main trib, mostly undeveloped basin, NEoA",10,0.73,0,0,7.8,0.21,4.85,0.04,1.55,4,
T11476500,11476500,"8,285,120","8,285,120",SF EEL R NR MIRANDA CA,40.18181004,-123.7761426,ok, ,Non-ref,yes,63,24,Y,1950,1980,No evidence of hydro alteration during specified period,upstrm reservoir,9,1.28,0,0,10,0.08,4.69,0.02,1.49,4,
T11476600,11476600,"8,284,190","8,284,190",BULL C NR WEOTT CA,40.351528,-124.0050423,ok, ,Ref,yes,54,14,Y,1960,2014,see GAGES_II_SCREENING_COMMENTS,mod. Roads,7,0,0,0,15.2,0,4.14,0,1.36,4,
T11477000,11477000,"2,704,735","2,704,735",EEL R A SCOTIA CA,40.49152384,-124.0997699,ok, ,Non-ref,yes,63,24,Y,1950,1970,No evidence of hydro alteration during specified period,upstrm reservoir & diversions,11,13.29,0.09,0.01,18.1,0.04,3.3,0.02,1.07,4,
T11477500,11477500,"2,705,471","2,705,471",VAN DUZEN R NR DINSMORE CA,40.48458571,-123.6580935,ok, , ,yes,16,16,Y,1953,1974,No evidence of hydro alteration, ,0, , , ,0, ,0,0,0,4,
T11478500,11478500,"2,705,477","2,705,477",VAN DUZEN R NR BRIDGEVILLE CA,40.48041636,-123.890876,ok, ,Ref,yes,63,24,Y,1950,2014,see GAGES_II_SCREENING_COMMENTS,"mostly roadless, loggin in HW",5,0,0,0,13,0,1.77,0,1.07,4,
T11481200,11481200,"8,315,847","8,315,847",LITTLE R NR TRINIDAD CA,41.0098479,-124.0814555,ok, ,Ref,yes,59,19,Y,1955,2014,see GAGES_II_SCREENING_COMMENTS,some roads & logging,7,0,0,0,15.2,0,0.47,0.1,1.91,4,
T11481500,11481500,"8,319,319","8,319,319",REDWOOD C NR BLUE LAKE CA,40.90596479,-123.815335,ok, ,Ref,yes,43,7,Y,1953,2014,see GAGES_II_SCREENING_COMMENTS,some roads,6,0,0,0,15.2,0,0.82,0,1.35,4,
T11482110,11482110,"8,316,277","8,316,277",LACKS C NR ORICK CA,41.06068303,-123.8670069,ok, , ,yes,11,0,Y,1980,1991,No evidence of hydro alteration, ,0, , , ,0, ,0,0,0,4,Easy to classify from streams and nearby gages
T11482120,11482120,"8,316,251","8,316,251",REDWOOD C AB PANTHER C NR ORICK CA,41.08901555,-123.907564,ok, , ,yes,9,0,Y,1980,1989,No evidence of hydro alteration, ,0, , , ,0, ,0,0,0,4,Easy to classify from streams and nearby gages
T11482125,11482125,"8,316,253","8,316,253",PANTHER C NR ORICK CA,41.08846,-123.9083973,ok, , ,yes,12,0,Y,1979,1988,No evidence of hydro alteration, ,0, , , ,0, ,0,0,0,4,Easy to classify from streams and nearby gages
T11482200,11482200,"8,316,133","8,316,133",REDWOOD C AT S PARK BOUNDARY NR ORICK CA,41.17179181,-123.9497889,ok, , ,yes,11,4,Y,1970,1981,No evidence of hydro alteration, ,0, , , ,0, ,0,0,0,4,
T11482500,11482500,"8,315,607","8,315,607",REDWOOD C A ORICK CA,41.2992896,-124.0511825,ok, ,Ref,yes,61,21,Y,1953,2014,see GAGES_II_SCREENING_COMMENTS,many forest roads & logging,6,0,0,0,15.2,0.07,1.35,0.06,1.56,4,
T11529000,11529000,"8,231,982","8,231,982",SF TRINITY R NR SALYER CA,40.841525,-123.5678243,ok, , ,yes,17,17,Y,1950,1967,No evidence of hydro alteration, ,0, , , ,0, ,0,0,0,4,
T11532000,11532000,"22,226,814","22,226,814",SF SMITH R NR CRESCENT CITY CA,41.79150242,-124.0261871,ok, , ,yes,9,7,Y,1954,1979,No evidence of hydro alteration, ,0, , , ,0, ,0,0,0,4,Easy to class from nearby streams and class 4 gage
T11532500,11532500,"22,226,812","22,226,812",SMITH R NR CRESCENT CITY CA,41.7915026,-124.0761887,ok, ,Ref,yes,63,24,Y,1950,2014,see GAGES_II_SCREENING_COMMENTS,many forest roads & logging,5,0,0,0,9.1,0,2.95,0,0.81,4,
T11377100,11377100,,12068830,Sacramento River at Bend Bridge (USGS and USBR),,,,,,,,,,,1942,Major dams/diversions began 1943,,,,,,,,,,,5,
T11269300,11269300,"21,606,909","21,606,909",MAXWELL C A COULTERVILLE CA,37.71604127,-120.1899102,ok, ,Ref,yes,20,15,YY,1959,1980,geographic exclusion in xeric. Reconsider as reference,"lt devlp, NEoA, few roads in HW",4,0,0,0,2.4,0,1.08,0,1.19,6,
T11110500,11110500,"17,574,757","17,574,757",HOPPER CREEK NEAR PIRU CA,34.40083045,-118.8264837,ok, ,Non-ref,yes,33,24,Y,1950,1983,No evidence of hydro alteration during specified period,proximal irrigated ag & possible diversions,7,0,0,0,97.3,0.41,1.1,0.41,0.3,6,
T11115500,11115500,"17,586,470","17,586,470",MATILIJA C A MATILIJA HOT SPRINGS,34.48276995,-119.3017809,ok, ,Non-ref,yes,38,24,Y,1950,1980,No evidence of hydro alteration during specified period,proximal reservoir--Matilla Dam,11,15.72,0,0,92.4,0,0.55,0.02,0.25,6,
T11117600,11117600,"17,586,774","17,586,774",COYOTE CREEK NEAR OAK VIEW CA,34.41666158,-119.3706722,ok, ,Ref,yes,30,16,Y,1958,1988,see GAGES_II_SCREENING_COMMENTS,"mostly roadless, NEoA",7,0,0,0,97.3,0,0.78,0,0.66,6,
T11117800,11117800,"17,586,728","17,586,728",SANTA ANA C NR OAK VIEW,34.42360587,-119.3412265,ok, ,Non-ref,yes,30,16,Y,1958,1980,No evidence of hydro alteration during specified period,proximal irrigate ag & possible diversion,9,0,0,0,97.3,0.8,1.97,0.42,0.92,6,
T11120500,11120500,"17,596,109","17,596,109",SAN JOSE C NR GOLETA CA,34.45916286,-119.8090283,ok, ,Ref,yes,62,24,Y,1950,2014,see GAGES_II_SCREENING_COMMENTS,"prox ag & possible diversions, mostly roadless hw",12,0,0.51,0,58.9,8.26,7.48,6.24,1.89,6,
T11124500,11124500,"17,611,425","17,611,425",SANTA CRUZ C NR SANTA YNEZ CA,34.59665633,-119.9087519,ok, ,Ref,yes,63,24,Y,1950,2014,see GAGES_II_SCREENING_COMMENTS,"some roads, NEoA",6,0,0,0,58.9,0,0.55,0,0.34,6,
T11128400,11128400,"17,608,281","17,608,281",ALISAL C NR SOLVANG CA,34.57637614,-120.1484816,ok, , ,yes,17,17,Y,1954,1969,No evidence of hydro alteration, ,0, , , ,0, ,0,0,0,6,
T11141150,11141150,"8,192,881","8,192,881",ARROYO GRANDE AB PHOENIX C NR ARROYO GRANDE CA,35.18858618,-120.4351621,ok, ,Ref,yes,25,7,Y,1967,1992,see GAGES_II_SCREENING_COMMENTS,proximal ag & probable diversion,6,0,0,0,33.3,0.36,1.79,0.71,0.84,6,
T11141280,11141280,"8,193,647","8,193,647",LOPEZ C NR ARROYO GRANDE CA,35.23553035,-120.4723857,ok, ,Ref,yes,46,7,Y,1967,2014,see GAGES_II_SCREENING_COMMENTS,"mostly roadless, NEoA",5,0,0,0,33.3,0,1.26,0,0.72,6,
T11143000,11143000,"8,189,809","8,189,809",BIG SUR R NR BIG SUR CA,36.24579648,-121.7732872,ok, ,Ref,yes,64,24,Y,1950,2014,see GAGES_II_SCREENING_COMMENTS,mostly roadless,7,0,0,0,126.1,0,0.5,0,0.37,6,
T11143500,11143500,"8,213,735","8,213,735",SALINAS R NR POZO CA,35.29858465,-120.4037709,ok, ,Ref,yes,33,24,Y,1950,1983,see GAGES_II_SCREENING_COMMENTS,"mostly roadless, NEoA",6,0,0,0,33.3,7.2,1.58,0.12,0.71,6,
T11148900,11148900,"8,209,949","8,209,965",NACIMIENTO R BL SAPAQUE C NR BRYSON CA,35.78857918,-121.0938048,suspect,should be COMID=8209965,Ref,yes,43,3,Y,1971,2014,see GAGES_II_SCREENING_COMMENTS,"some roads & logging, NEoA",15,0.96,0,0,124.6,0,3.49,0.03,1.33,6,
T11151300,11151300,"8,205,487","8,205,487",SAN LORENZO C BL BITTERWATER C NR KING CITY CA,36.26802087,-121.066303,ok, ,Ref,yes,56,16,Y,1958,2014,see GAGES_II_SCREENING_COMMENTS,"lt irrigation, NEoA",8,0,0,0,85.3,5.9,3.69,0.83,1.12,6,
T11151870,11151870,"8,203,373","8,203,373",ARROYO SECO NR GREENFIELD CA,36.23746164,-121.4816027,ok, ,Ref,yes,26,13,Y,1961,2014,see GAGES_II_SCREENING_COMMENTS,"mostly roadless, NEoA",7,0,0,0,126.1,0,0.76,0,0.45,6,
T11152900,11152900,"17,661,409","17,661,409",CEDAR C NR BELL STATION CA,37.04994511,-121.3274311,ok, ,Ref,yes,21,13,Y,1961,1982,see GAGES_II_SCREENING_COMMENTS,"mostly roadless, NEoA",7,0,0,0,140,0,0.81,0.09,0.29,6,
T11153470,11153470,"17,662,343","17,662,343",LLAGAS C AB CHESBRO RES NR MORGAN HILL CA,37.14827978,-121.7682836,ok, ,Ref,yes,18,3,Y,1971,2010,see GAGES_II_SCREENING_COMMENTS,"undeveloped, NEoA",8,0,0,0,140,0,2.16,0,0.18,6,
T11153900,11153900,"17,661,201","17,661,201",UVAS C AB UVAS RES NR MORGAN HILL CA,37.09272543,-121.7182818,ok, ,Ref,yes,21,13,Y,1961,1982,see GAGES_II_SCREENING_COMMENTS,proximal irrigation & domestic possible use,8,0,0,0,137.3,0,2.29,0,0.62,6,
T11156500,11156500,"17,665,649","17,665,649",SAN BENITO R NR WILLOW CREEK SCHOOL CA,36.60940609,-121.2029797,ok, ,Non-ref,yes,63,24,Y,1950,1960,No evidence of hydro alteration during specified period,upstrm irrigation & possible diversion,12,34.45,0,0,36.9,0,2.07,0,0.76,6,
T11159690,11159690,"17,683,402","17,683,402",APTOS C NR APTOS CA,37.00161665,-121.9060688,ok, , ,yes,14,3,Y,1971,1985,No evidence of hydro alteration, ,0, , , ,0, ,0,0,0,6,
T11160000,11160000,"17,684,378","17,684,378",SOQUEL C A SOQUEL CA,36.9913389,-121.9557933,ok, ,Non-ref,yes,63,23,Y,1951,2014,No evidence of hydro alteration during specified period,"proximal hvy urban, upstrm irrigated ag",12,0,0,0,70.2,0,13.16,0.07,2.27,6,
T11160020,11160020,"17,682,178","17,682,178",SAN LORENZO R NR BOULDER C CA,37.20661136,-122.1449644,ok, ,Ref,yes,24,6,Y,1968,1992,see GAGES_II_SCREENING_COMMENTS,"mostly roadless, NEoA",9,0,0,0,72.1,0,5.61,0,1.43,6,
T11160070,11160070,"17,682,322","17,682,322",BOULDER C AT BOULDER CREEK CA,37.12661339,-122.1227425,ok, , ,yes,16,0,Y,1976,1987,No evidence of hydro alteration, ,0, , , ,0, ,0,0,0,6,
T11160300,11160300,"17,682,394","17,682,394",ZAYANTE C A ZAYANTE CA,37.08605874,-122.0469069,ok, ,Ref,yes,35,17,Y,1957,1992,see GAGES_II_SCREENING_COMMENTS,"lt development, NEoA",12,0,0,0,69.8,0,8.7,0,3.16,6,
T11160500,11160500,"17,682,474","17,682,474",SAN LORENZO R A BIG TREES CA,37.04439313,-122.0724641,ok, ,Non-ref,yes,64,24,Y,1950,2014,No evidence of hydro alteration during specified period,prox. Development,20,40.19,0,0,69.5,0,12.91,0,2.75,6,
T11162500,11162500,"17,688,105","17,688,105",PESCADERO C NR PESCADERO CA,37.26077707,-122.3288602,ok, ,Ref,yes,63,23,Y,1951,2014,see GAGES_II_SCREENING_COMMENTS,"possible munip diversion, roadless HW",16,0.49,0,0,74.5,0,5.77,0.08,2.03,6,
T11162540,11162540,"17,688,327","17,688,327",BUTANO C NR PESCADERO CA,37.23355579,-122.3666399,ok, , ,yes,12,12,Y,1962,1974,No evidence of hydro alteration, ,0, , , ,0, ,0,0,0,6,
T11162570,11162570,"17,687,965","17,687,965",SAN GREGORIO C A SAN GREGORIO CA,37.3257762,-122.3866404,ok, ,Ref,yes,36,5,Y,1969,2014,see GAGES_II_SCREENING_COMMENTS,"prox agriculture, forested hw",10,0,0,0,74,0.43,6.83,0.76,1.88,6,
T11169800,11169800,"17,694,891","17,694,891",COYOTE C NR GILROY CA,37.07772286,-121.4943832,ok, ,Ref,yes,31,14,Y,1960,2014,see GAGES_II_SCREENING_COMMENTS,"mostly roadless, NEoA",9,1.39,0,0,141.1,0.07,1.09,0.04,0.35,6,
T11180500,11180500,"2,804,369","2,804,369",DRY C A UNION CITY CA,37.6060452,-122.0238504,ok, ,Ref,yes,55,15,Y,1959,2015,see GAGES_II_SCREENING_COMMENTS,"proximal urban, NEoA",9,0,0,0,167.1,0,2.42,0.1,1.12,6,
T11180825,11180825,"2,803,945","2,803,945",SAN LORENZO C AB DON CASTRO RES NR CASTRO V CA,37.69520825,-122.044962,ok, ,Non-ref,yes,30,0,Y,1980,1998,No evidence of hydro alteration during specified period,prox urban,10,0,0,0,169.6,0,10.74,0.03,1.54,6,on and near class 6 streams
T11180960,11180960,"2,804,901","2,804,901",CULL C AB CULL C RES NR CASTRO VALLEY CA,37.71770737,-122.0544067,ok, ,Ref,yes,35,0,Y,1978,2014,see GAGES_II_SCREENING_COMMENTS,lt suburban development on fringes,10,0,0,0,172.4,0,8.19,0,0.87,6,on and near class 6 streams
T11181000,11181000,"2,803,983","2,803,983",SAN LORENZO C A HAYWARD CA,37.68548644,-122.064407,ok, ,Non-ref,yes,48,24,Y,1950,1965,No evidence of hydro alteration during specified period,urban,21,8.68,0,0,172.7,0,15.67,0.02,1.7,6,
T11181390,11181390,"1,671,771","1,671,771",WILDCAT C A VALE RD AT RICHMOND CA,37.9532571,-122.3383039,ok, ,Non-ref,yes,20,0,Y,1975,1985,No evidence of hydro alteration during specified period,urban,28,23.43,6.78,0,390,0,23.9,0,3.5,6,
T11182100,11182100,"1,671,763","1,671,763",PINOLE C A PINOLE CA,37.97242309,-122.2463573,ok, ,Ref,yes,27,24,Y,1950,1977,see GAGES_II_SCREENING_COMMENTS,"lt ag in basin, lt development in hw",11,0,0,0,401.3,0,4.92,0,1.1,6,
T11182500,11182500,"2,790,443","2,790,443",SAN RAMON C A SAN RAMON CA,37.772983,-121.9946825,ok, ,Non-ref,yes,61,22,Y,1952,2015,No evidence of hydro alteration during specified period,upstrm hvy urban,11,0,0,0,393.3,0,8.74,0,1.1,6,
T11183000,11183000,"2,789,355","2,789,355",SAN RAMON C AT WALNUT CREEK CA,37.88436913,-122.0510736,ok, ,Non-ref,yes,21,21,Y,1952,1964,No evidence of hydro alteration during specified period,proximal hvy urban,23,0.42,0,0,400,0,50.2,0,4.58,6,on and near class 6 streams
T11197250,11197250,"17,160,150","17,160,150",AVENAL C NR AVENAL CA,35.85412696,-120.1270849,ok, ,Ref,yes,25,13,Y,1961,1986,see GAGES_II_SCREENING_COMMENTS,"mostly roadless, NEoA",10,0,0,0,557.7,0,1.71,0,0.57,6,
T11199500,11199500,"17,166,342","17,166,342",WHITE R NR DUCOR CA,35.80995236,-118.9184294,ok, ,Ref,yes,37,6,Y,1950,2005,see GAGES_II_SCREENING_COMMENTS,some roads,9,0,0,0,251.6,0,0.45,0,1.12,6,
T11220500,11220500,"22,057,147","22,057,147",SYCAMORE C AB PINE FLAT RES NR TRIMMER CA,36.92022642,-119.3098459,ok, ,Ref,yes,20,20,Y,1953,1973,see GAGES_II_SCREENING_COMMENTS,possible small domestic use,10,0,0,0,331.3,0,0.62,0,1.22,6,on class 6 stream
T11274500,11274500,"2,828,012","2,828,012",ORESTIMBA C NR NEWMAN CA,37.31549247,-121.1252081,ok, ,Ref,yes,64,24,Y,1950,2014,see GAGES_II_SCREENING_COMMENTS,mostly roadless,9,0,0,0,562.8,0,0.38,0.03,0.14,6,
T11274630,11274630,"2,827,982","2,827,982",DEL PUERTO C NR PATTERSON CA,37.48659935,-121.2091026,ok, ,Ref,yes,48,9,Y,1965,2014,see GAGES_II_SCREENING_COMMENTS,possible diversions,9,0,0,0,562.8,0,1.28,0,0.25,6,
T11337500,11337500,"1,893,770","1,893,770",MARSH C NR BYRON CA,37.87325835,-121.7271752,ok, ,Ref,yes,30,21,Y,1953,1983,see GAGES_II_SCREENING_COMMENTS,"lt development, NEoA",10,0,0,0,401.3,0,2.81,0.49,0.68,6,
T11371000,11371000,"2,782,657","2,782,657",CLEAR C A FRENCH GULCH CA,40.6948699,-122.6366845,ok, ,Ref,yes,43,24,Y,1950,1993,see GAGES_II_SCREENING_COMMENTS,historic mining & possible domestic use,7,0,0,0,59,0,2,0,0.86,6,
T11372000,11372000,"2,495,296","2,495,296",CLEAR C NR IGO CA,40.51320587,-122.5241795,ok, ,Non-ref,yes,63,24,Y,1950,1961,No evidence of hydro alteration during specified period,upstrm reservoir--Whiskey Town,21,503.96,3.14,0,59.2,0,2.81,0,0.88,6,
T11375700,11375700,"2,800,225","2,800,225",NF COTTONWOOD C NR IGO CA,40.44209523,-122.5502903,ok, ,Non-ref,yes,24,18,Y,1956,1980,No evidence of hydro alteration during specified period,proximal irrigated ag & possible diversions,15,19.43,13.21,0,59.8,0,1.96,0.27,0.54,6,
T11449500,11449500,"8,009,279","948,020,963",KELSEY C NR KELSEYVILLE CA,38.92739984,-122.8436046,ok, ,Ref,yes,62,24,Y,1950,2014,see GAGES_II_SCREENING_COMMENTS,"lt development, NEoA",9,0,0,0,20.9,0,4.64,0,1.67,6,
T11451100,11451100,"8,005,975","8,005,975",NF CACHE C A HOUGH SPRING NR CLEARLAKE OAKS CA,39.1654458,-122.6199862,ok, ,Ref,yes,42,3,Y,1971,2015,see GAGES_II_SCREENING_COMMENTS,"mostly roadless, NEoA",6,0,0,0,22.1,0,2.28,0,0.65,6,
T11460100,11460100,"1,671,593","1,671,593",ARROYO CORTE MADERA D PRES A MILL VALLEY CA,37.8971482,-122.5360868,ok, , ,yes,19,8,Y,1965,1986,No evidence of hydro alteration, ,0, , , ,0, ,0,0,0,6,
T11464500,11464500,"8,276,449","8,276,449",DRY C NR CLOVERDALE CA,38.74963216,-123.0922252,ok, ,Ref,yes,30,24,Y,1950,1980,see GAGES_II_SCREENING_COMMENTS,Currently submerged by Lake Sonoma--record ends prior to dam,6,0,0,0,29.3,0,2.22,0,0.73,6,
T11473100,11473100,"8,294,919","8,294,919",WILLIAMS C NR COVELO CA,39.82487658,-123.1413996,ok, , ,yes,8,8,Y,1961,1969,No evidence of hydro alteration, ,0, , , ,0, ,0,0,0,6,On class 6 stream
T11480800,11480800,"8,319,321","8,319,321",NF MAD R NR KORBEL CA,40.88624107,-123.9417258,ok, , ,yes,9,9,Y,1957,1974,No evidence of hydro alteration, ,0, , , ,0, ,0,0,0,6,On a class 6 stream
T11522300,11522300,"8,258,791","8,258,791",SF SALMON R NR FORKS OF SALMON CA,41.22207858,-123.2511584,ok, , ,yes,8,8,Y,1957,1965,No evidence of hydro alteration, ,0, , , ,0, ,0,0,0,6,Prob 6 due to proximity to stream. Nearby C-3
T11525530,11525530,"8,246,406","8,246,406",RUSH C NR LEWISTON CA,40.7245899,-122.8347458,ok, ,Ref,yes,11,0,Y,2002,2015,see GAGES_II_SCREENING_COMMENTS,"lt develop, logging, NEoA",7,0,0,0,7.5,0,3.61,0,1.37,6,
T11525670,11525670,"8,245,912","8,245,912",INDIAN C NR DOUGLAS CITY CA,40.651812,-122.914469,ok, ,Ref,yes,9,0,Y,2004,2015,see GAGES_II_SCREENING_COMMENTS,"undeveloped hw, prox irrigated ag",5,0,0,0,7.9,0,1.92,0,0.77,6,
T11528700,11528700,"8,232,392","8,232,392",SF TRINITY R BL HYAMPOM CA,40.6498627,-123.4942046,ok, ,Ref,yes,48,9,Y,1965,2014,see GAGES_II_SCREENING_COMMENTS,roads & logging,9,0.55,0,0,7.6,0.06,3.83,0.03,1.27,6,
T11116000,11116000,"17,586,460","17,586,460",NF MATILIJA C A MATILIJA HOT SPRINGS CA,34.49249174,-119.3065034,ok, ,Ref,yes,32,23,Y,1950,1983,see GAGES_II_SCREENING_COMMENTS,"mostly roadless, NEoA",8,0,0,0,97.3,0,4.37,0,0.64,7,
T11120510,11120510,"17,595,405","17,595,405",SAN JOSE C A GOLETA CA,34.43027415,-119.822083,ok, ,Non-ref,yes,25,4,Y,1970,1980,No evidence of hydro alteration during specified period,proximal hvy urban,25,9.38,6.61,0,58.9,12.14,23.35,9.83,3.1,7,
T11120520,11120520,"17,596,097","17,596,097",SAN PEDRO C A GOLETA CA,34.4397181,-119.8365279,ok, ,Non-ref,yes,7,2,Y,1970,2013,No evidence of hydro alteration during specified period,urban,12,0,8.59,0,58.9,15.75,6.26,12.94,0.83,7,"likely c-7, immediately next to c-7 stream"
T11120550,11120550,"17,594,763","17,594,763",GAVIOTA C NR GAVIOTA CA,34.48776644,-120.2270947,ok, ,Non-ref,yes,20,8,Y,1966,1986,No evidence of hydro alteration during specified period,adjacent interestate,8,0,0,0,58.9,0,4.85,0.05,1.23,7,
T11132500,11132500,"17,609,017","17,609,017",SALSIPUEDES C NR LOMPOC CA,34.5885957,-120.4084938,ok, ,Non-ref,yes,63,24,Y,1950,1987,No evidence of hydro alteration during specified period,proximal irrigated ag,8,0,0,0,58.9,1.74,4.1,2.74,1.21,7,
T11138500,11138500,"17,625,379","17,625,379",SISQUOC R NR SISQUOC CA,34.83970289,-120.1682063,ok, ,Ref,yes,54,24,Y,1950,2014,see GAGES_II_SCREENING_COMMENTS,"roadless, NEoA",6,0,0,0,58.9,0.02,0.32,0.01,0.14,7,
T11172100,11172100,"17,694,079","17,694,079",UP PENITENCIA C A SAN JOSE CA,37.3952171,-121.8282872,ok, ,Non-ref,yes,26,13,Y,1961,1987,No evidence of hydro alteration during specified period,proximal urban,14,20.27,0,0,140,0,4.97,0,0.79,7,
T11172945,11172945,"2,809,681","2,809,681",ALAMEDA C AB DIV DAM NR SUNOL CA,37.4974356,-121.7735644,ok, ,Ref,yes,20,0,Y,1994,2014,see GAGES_II_SCREENING_COMMENTS,"undeveloped, NEoA",7,0,0,0,147.7,0,0.97,0.12,0.5,7,
T11173200,11173200,"2,809,859","2,809,859",ARROYO HONDO NR SAN JOSE CA,37.46160337,-121.769397,ok, ,Ref,yes,33,6,Y,1968,2014,see GAGES_II_SCREENING_COMMENTS,mostly roadless,8,3.28,0,0,140,0,2.08,0.02,0.67,7,
T11176400,11176400,"2,806,807","2,806,807",ARROYO VALLE BL LANG CN NR LIVERMORE CA,37.56132196,-121.6838389,ok, ,Ref,yes,50,11,Y,1963,2015,see GAGES_II_SCREENING_COMMENTS,"mostly roadless, NEoA",7,0,0,0,151,0,1.31,0.02,0.71,7,
T11224500,11224500,"14,883,269","14,883,269",LOS GATOS C AB NUNEZ CYN NR COALINGA CA,36.21467719,-120.4707116,ok, ,Ref,yes,63,24,Y,1950,2014,see GAGES_II_SCREENING_COMMENTS,lt local irrigation,10,0,0,0,329.4,0,2.22,0,0.71,7,
T11253310,11253310,"14,882,615","14,882,615",CANTUA C NR CANTUA CREEK CA,36.40217399,-120.4334917,ok, ,Ref,yes,47,8,Y,1966,2014,see GAGES_II_SCREENING_COMMENTS,"mostly undeveloped, NEoA",8,0,0,0,290.3,0,1.4,0,0.53,7,
T11379000,11379000,"8,019,804","8,019,804",ANTELOPE C NR RED BLUFF CA,40.20376742,-122.1183272,ok, ,Ref,yes,32,24,YY,1950,1982,geographic exclusion in xeric. Reconsider as reference,"mostly roadless, logging in HW",8,0,0,0,74.3,0,0.64,0,1.33,8,
T10255800,10255800,"22,595,293","22,597,421",COYOTE C NR BORREGO SPRINGS CA,33.3736453,-116.4275137,suspect,on trib. coords. wrong. should be COMID=22597421,Ref,yes,33,24,Y,1950,1983,see GAGES_II_SCREENING_COMMENTS,"roadless, NEoA",7,0,0,0,111,0.16,1.71,0.22,0.64,8,
T11023250,11023250,"20,331,142","20,331,142",POWAY C NR POWAY CA,32.95365699,-117.0147528,ok, , ,yes,10,0,Y,1977,1987,No evidence of hydro alteration, ,0, , , ,0, ,0,0,0,8,
T11023310,11023310,"20,331,150","20,331,150",RATTLESNAKE C A POWAY CA,32.9519902,-117.0497537,ok, , ,yes,12,0,Y,1977,1989,No evidence of hydro alteration, ,0, , , ,0, ,0,0,0,8,
T11023325,11023325,"20,331,242","20,331,242",BEELER C A POMERADO RD NR POWAY CA,32.93976827,-117.0666984,ok, , ,yes,13,0,Y,1976,1989,No evidence of hydro alteration, ,0, , , ,0, ,0,0,0,8,
T11046300,11046300,"20,351,605","20,351,605",SAN MATEO C NR SAN CLEMENTE CA,33.47085987,-117.4730986,ok, ,Ref,yes,36,15,Y,1952,2015,see GAGES_II_SCREENING_COMMENTS,"mostly roadless, NEoA",9,0,0,0,115.9,0,3.62,0,0.98,8,
T11046500,11046500,"20,350,533","20,350,533",SAN JUAN C NR SAN JUAN CAPISTRANO CA,33.51891459,-117.6250493,ok, ,Non-ref,yes,19,19,Y,1950,1961,No evidence of hydro alteration during specified period,upstrm urban,21,30.94,0,0,284.4,0.69,11.34,0.36,1.27,8,
T11048553,11048553,"20,355,480","20,355,480",SAND CYN C A IRVINE CA,33.65724307,-117.8275553,ok, ,Non-ref,yes,12,0,Y,2001,2014,No evidence of hydro alteration during specified period,urban,24,54.75,0,0,316.2,0,44.96,0,4.18,8,
T11058600,11058600,"22,555,344","22,555,344",WATERMAN CANYON CREEK NR ARROWHEAD SPRINGS CA,34.1858333,-117.2722222,ok, ,Ref,yes,41,24,Y,1950,2015,see GAGES_II_SCREENING_COMMENTS,"highway in part of basin, NEoA",10,0,0,0,17,0,13.33,0,2.5,8,
T11077000,11077000,"22,563,182","22,563,182",SANTIAGO C NR VILLA PARK CA,33.82279419,-117.7767213,ok, , ,yes,13,13,Y,1950,1963,No evidence of hydro alteration, ,0, , , ,0, ,0,0,0,8,
T11084500,11084500,"22,524,697","22,524,697",FISH C NR DUARTE CA,34.1658396,-117.92423,ok, ,Ref,yes,29,24,Y,1950,1979,see GAGES_II_SCREENING_COMMENTS,"mostly undeveloped, NEoA",13,0,4.49,0,199.5,0,2.81,0,1.03,8,
T11098000,11098000,"22,514,774","22,514,774",ARROYO SECO NR PASADENA CA,34.22222629,-118.1775727,ok, ,Ref,yes,63,24,Y,1950,2014,see GAGES_II_SCREENING_COMMENTS,"mostly roadless, NEoA",10,0,0,0,199.5,0,5.31,0,1.01,8,
T11100000,11100000,"22,514,894","22,514,894",SANTA ANITA C NR SIERRA MADRE CA,34.1916716,-118.0172888,ok, ,Ref,yes,20,20,Y,1950,1970,see GAGES_II_SCREENING_COMMENTS,"mostly roadless, NEoA",9,0,0,0,199.5,0,2.45,0,0.69,8,
T11120530,11120530,"17,595,369","17,595,369",TECOLOTITO C NR GOLETA CA,34.43471754,-119.8687502,ok, , ,yes,8,2,Y,1970,1991,No evidence of hydro alteration, ,0, , , ,0, ,0,0,0,8,
T11134800,11134800,"17,607,917","17,607,917",MIGUELITO C A LOMPOC CA,34.6316501,-120.4648857,ok, ,Non-ref,yes,37,4,Y,1970,1980,No evidence of hydro alteration during specified period,prox urban & channelization,9,0,0,0,58.9,0,9.79,0,1.2,8,
T11257500,11257500,"17,100,137","17,100,137",FRESNO R NR KNOWLES CA,37.23716913,-119.7748763,ok, ,Non-ref,yes,40,24,Y,1950,1970,No evidence of hydro alteration during specified period,upstrm dispersed urban,16,0.39,0,0,224.2,0,3.17,0.01,2.13,8,
T11258000,11258000,"17,100,623","17,100,623",FRESNO R BL HIDDEN DAM NR DAULTON CA,37.09744734,-119.8896013,ok, ,Non-ref,yes,40,24,Y,1950,1970,No evidence of hydro alteration during specified period,proximal reservoir--Hidden Dam,21,161.3,0.27,0,235.7,0.09,3.13,0.1,2,8,
T11259000,11259000,"17,100,939","17,100,939",CHOWCHILLA R BL BUCHANAN DAM NR RAYMOND CA,37.21550105,-119.9912761,ok, ,Non-ref,yes,36,21,Y,1950,1972,No evidence of hydro alteration during specified period,proximal reservoir--,17,212.93,0,0,68.5,0,1.45,0,1.48,8,
T11284400,11284400,"17,078,425","17,078,425",BIG C AB WHITES GULCH NR GROVELAND CA,37.8418714,-120.1849103,ok, ,Ref,yes,44,5,Y,1969,2014,see GAGES_II_SCREENING_COMMENTS,"lt development, mostly forested basin, NEoA",13,0,13.36,0,7.6,0,2.5,0,2.13,8,
T11299600,11299600,"348,419","348,419",BLACK C NR COPPEROPOLIS CA,37.96103615,-120.6152035,ok, ,Ref,yes,31,0,Y,1983,2014,see GAGES_II_SCREENING_COMMENTS,"mostly roadless, NEoA",4,0,0,0,8.9,0,1.28,0,0.79,8,On class 8 stream
T11334300,11334300,"20,196,320","20,196,320",SF COSUMNES R NR RIVER PINES CA,38.55685113,-120.7932682,ok, ,Ref,yes,23,17,Y,1957,1980,see GAGES_II_SCREENING_COMMENTS,proximal possible domestic withdrawls,8,0,0,0,19,0.11,1.34,0.04,1.94,8,
T11374000,11374000,"2,495,212","2,495,212",COW C NR MILLVILLE CA,40.50487467,-122.2330577,ok, ,Non-ref,yes,63,24,Y,1950,1980,No evidence of hydro alteration during specified period,proximal irrigated ag & urban,14,0.41,0.71,0,60.1,2.77,2.55,0.97,1.31,8,
T11451715,11451715,"8,009,213","8,009,213",BEAR C AB HOLSTEN CHIMNEY CYN NR RUMSEY CA,38.95767446,-122.3427535,ok, ,Non-ref,yes,15,0,Y,1997,2014,No evidence of hydro alteration during specified period,"some irrigated ag, mostly undeveloped, NEoA",12,1.75,0,0,414.1,0,2.07,0.13,0.49,8,
T10360900,10360900,"20,314,584","20,314,584",BIDWELL C BL MILL C NR FORT BIDWELL CA,41.8823902,-120.1749508,ok, ,Ref,yes,22,14,Y,1960,1982,see GAGES_II_SCREENING_COMMENTS,"some roads, NEoA",5,0,0,0,30.5,0,0,0,0.51,9,
T11355500,11355500,1.802E+13,1.802E+13,HAT C NR HAT CREEK CA,40.68637967,-121.4231786,,,,,,,,,,,,,,,,,,,,,9,
